{"Mean":{"confidence_interval":{"confidence_level":0.95,"lower_bound":1322141.3286064109,"upper_bound":1396404.6042698494},"point_estimate":1358442.0647271893,"standard_error":18875.37387708528},"Median":{"confidence_interval":{"confidence_level":0.95,"lower_bound":1280057.901901902,"upper_bound":1416633.9204545454},"point_estimate":1347618.9528061224,"standard_error":39565.444903484495},"MedianAbsDev":{"confidence_interval":{"confidence_level":0.95,"lower_bound":146299.73012705514,"upper_bound":249737.8422459802},"point_estimate":192745.54778655714,"standard_error":24053.892495773944},"Slope":{"confidence_interval":{"confidence_level":0.95,"lower_bound":1223832.9176009858,"upper_bound":1278838.69387192},"point_estimate":1248743.8051426038,"standard_error":14059.2208223606},"StdDev":{"confidence_interval":{"confidence_level":0.95,"lower_bound":155676.60923447707,"upper_bound":219255.8155763619},"point_estimate":188910.84285704241,"standard_error":16267.895456405082}}