{"Mean":{"confidence_interval":{"confidence_level":0.95,"lower_bound":115497.28869952493,"upper_bound":116609.82898449866},"point_estimate":116038.46239129147,"standard_error":285.44128442334465},"Median":{"confidence_interval":{"confidence_level":0.95,"lower_bound":115412.74764150943,"upper_bound":116778.965625},"point_estimate":115772.29317521141,"standard_error":372.4095414433603},"MedianAbsDev":{"confidence_interval":{"confidence_level":0.95,"lower_bound":1737.6107468539426,"upper_bound":3263.8275885765042},"point_estimate":2566.2636231897145,"standard_error":430.0913528618008},"Slope":{"confidence_interval":{"confidence_level":0.95,"lower_bound":114320.50867880163,"upper_bound":115530.26275784192},"point_estimate":114898.44863750554,"standard_error":308.87853272015826},"StdDev":{"confidence_interval":{"confidence_level":0.95,"lower_bound":2257.909743456354,"upper_bound":3499.9416885968412},"point_estimate":2866.826114007723,"standard_error":321.85398526890765}}