{"Mean":{"confidence_interval":{"confidence_level":0.95,"lower_bound":929347.3453496969,"upper_bound":979498.421964641},"point_estimate":953447.4682423569,"standard_error":12784.090924380469},"Median":{"confidence_interval":{"confidence_level":0.95,"lower_bound":906846.3359090909,"upper_bound":947239.1571428571},"point_estimate":936931.700420168,"standard_error":12558.855185006347},"MedianAbsDev":{"confidence_interval":{"confidence_level":0.95,"lower_bound":73892.91447480528,"upper_bound":129746.92003945542},"point_estimate":95614.1663772345,"standard_error":14562.80085231963},"Slope":{"confidence_interval":{"confidence_level":0.95,"lower_bound":895745.5988994028,"upper_bound":961501.4381935652},"point_estimate":926736.4184040196,"standard_error":16822.332730931204},"StdDev":{"confidence_interval":{"confidence_level":0.95,"lower_bound":100118.47721197378,"upper_bound":154231.42241525414},"point_estimate":129078.12900474138,"standard_error":13803.472426414226}}