{"Mean":{"confidence_interval":{"confidence_level":0.95,"lower_bound":6.800170790087157,"upper_bound":7.259010822828347},"point_estimate":7.0172705212812305,"standard_error":0.11737636089334835},"Median":{"confidence_interval":{"confidence_level":0.95,"lower_bound":6.462859635445669,"upper_bound":6.681274593098181},"point_estimate":6.521663076471363,"standard_error":0.05201765266920542},"MedianAbsDev":{"confidence_interval":{"confidence_level":0.95,"lower_bound":0.2786017993432886,"upper_bound":0.5734898911552921},"point_estimate":0.3680468621545668,"standard_error":0.0725814032402101},"Slope":{"confidence_interval":{"confidence_level":0.95,"lower_bound":7.295841182940321,"upper_bound":8.187790089197392},"point_estimate":7.750852501539107,"standard_error":0.2273345570161512},"StdDev":{"confidence_interval":{"confidence_level":0.95,"lower_bound":0.8724306543448849,"upper_bound":1.4357992925151912},"point_estimate":1.1794857762515583,"standard_error":0.14393593198915705}}