{"Mean":{"confidence_interval":{"confidence_level":0.95,"lower_bound":1021833.422116064,"upper_bound":1069378.3468725518},"point_estimate":1042846.2276172601,"standard_error":12207.846360415435},"Median":{"confidence_interval":{"confidence_level":0.95,"lower_bound":1005560.5591397849,"upper_bound":1027570.4794520548},"point_estimate":1014600.1905048077,"standard_error":5079.961124302334},"MedianAbsDev":{"confidence_interval":{"confidence_level":0.95,"lower_bound":26921.684839544618,"upper_bound":44669.89252325508},"point_estimate":32349.350912556623,"standard_error":4361.958563687643},"Slope":{"confidence_interval":{"confidence_level":0.95,"lower_bound":1023664.4109427112,"upper_bound":1080790.4794364944},"point_estimate":1048388.1783301316,"standard_error":14710.79055607919},"StdDev":{"confidence_interval":{"confidence_level":0.95,"lower_bound":52209.87839794893,"upper_bound":177917.41158582162},"point_estimate":122853.44344719776,"standard_error":31824.431315380316}}