{"Mean":{"confidence_interval":{"confidence_level":0.95,"lower_bound":9.413587709715767,"upper_bound":10.537936664197655},"point_estimate":9.950619574722607,"standard_error":0.28742233519176474},"Median":{"confidence_interval":{"confidence_level":0.95,"lower_bound":8.48768291448756,"upper_bound":9.862637210338313},"point_estimate":8.978716591147132,"standard_error":0.3505283319303464},"MedianAbsDev":{"confidence_interval":{"confidence_level":0.95,"lower_bound":1.5085471141776845,"upper_bound":2.909134343719556},"point_estimate":2.08926941647347,"standard_error":0.3683777801915105},"Slope":{"confidence_interval":{"confidence_level":0.95,"lower_bound":8.159630917378989,"upper_bound":8.798653584847543},"point_estimate":8.438328992946245,"standard_error":0.16338140291452966},"StdDev":{"confidence_interval":{"confidence_level":0.95,"lower_bound":2.2323307088257005,"upper_bound":3.4661232054618676},"point_estimate":2.887958547236619,"standard_error":0.31593932343068953}}