{"Mean":{"confidence_interval":{"confidence_level":0.95,"lower_bound":6.2365907674860415,"upper_bound":6.866746627085846},"point_estimate":6.544465399221943,"standard_error":0.16084449137067297},"Median":{"confidence_interval":{"confidence_level":0.95,"lower_bound":6.144143491959636,"upper_bound":6.638568258818956},"point_estimate":6.378148858379592,"standard_error":0.11781758822634655}}