{"Mean":{"confidence_interval":{"confidence_level":0.95,"lower_bound":327155.7665733223,"upper_bound":347484.35998040944},"point_estimate":336850.42570906156,"standard_error":5189.822559161051},"Median":{"confidence_interval":{"confidence_level":0.95,"lower_bound":313745.1237012987,"upper_bound":332539.80542168673},"point_estimate":322438.45167778654,"standard_error":4618.517755393871},"MedianAbsDev":{"confidence_interval":{"confidence_level":0.95,"lower_bound":25789.426768097106,"upper_bound":45083.69151102738},"point_estimate":35535.04369269493,"standard_error":4850.778272821616},"Slope":{"confidence_interval":{"confidence_level":0.95,"lower_bound":332552.1997939781,"upper_bound":349794.32819137233},"point_estimate":340508.41841953597,"standard_error":4396.362353425096},"StdDev":{"confidence_interval":{"confidence_level":0.95,"lower_bound":39119.14009546934,"upper_bound":63634.23578332413},"point_estimate":52199.2248333647,"standard_error":6257.788615353166}}