{"Mean":{"confidence_interval":{"confidence_level":0.95,"lower_bound":110234.04102808885,"upper_bound":122178.19233283939},"point_estimate":115469.68041773485,"standard_error":3078.611480757513},"Median":{"confidence_interval":{"confidence_level":0.95,"lower_bound":107193.49102564102,"upper_bound":108161.943001443},"point_estimate":107648.12164258963,"standard_error":228.66229189653347},"MedianAbsDev":{"confidence_interval":{"confidence_level":0.95,"lower_bound":1907.0206109517217,"upper_bound":3386.1914339600335},"point_estimate":2560.960188690253,"standard_error":385.4570334889218},"Slope":{"confidence_interval":{"confidence_level":0.95,"lower_bound":107563.92962245946,"upper_bound":111453.22086298966},"point_estimate":109181.21080833457,"standard_error":1006.5788201752937},"StdDev":{"confidence_interval":{"confidence_level":0.95,"lower_bound":10507.314658662322,"upper_bound":45133.51801259486},"point_estimate":30943.907340426653,"standard_error":8643.037414235321}}