{"Mean":{"confidence_interval":{"confidence_level":0.95,"lower_bound":0.2716137698890262,"upper_bound":0.27516951991671723},"point_estimate":0.2732419408930907,"standard_error":0.000910725366738923},"Median":{"confidence_interval":{"confidence_level":0.95,"lower_bound":0.27018441555826056,"upper_bound":0.2718464707141332},"point_estimate":0.27109332207244613,"standard_error":0.00040795697988621845},"MedianAbsDev":{"confidence_interval":{"confidence_level":0.95,"lower_bound":0.003224126356071345,"upper_bound":0.00529230783639164},"point_estimate":0.00421110472454902,"standard_error":0.0005169340851507085},"Slope":{"confidence_interval":{"confidence_level":0.95,"lower_bound":0.2698339494614194,"upper_bound":0.27174467269521096},"point_estimate":0.27071679468249515,"standard_error":0.0004870717499189706},"StdDev":{"confidence_interval":{"confidence_level":0.95,"lower_bound":0.005364943637940612,"upper_bound":0.012952131344019329},"point_estimate":0.009160180977793902,"standard_error":0.0020220877904432518}}