{"Mean":{"confidence_interval":{"confidence_level":0.95,"lower_bound":446006.9684397783,"upper_bound":456078.9612526117},"point_estimate":450503.60271881334,"standard_error":2588.581163618676},"Median":{"confidence_interval":{"confidence_level":0.95,"lower_bound":442011.30305100186,"upper_bound":447654.23456790124},"point_estimate":444122.18396918563,"standard_error":1429.9329838973783},"MedianAbsDev":{"confidence_interval":{"confidence_level":0.95,"lower_bound":8030.703543509544,"upper_bound":13928.555095174863},"point_estimate":9920.59394090857,"standard_error":1479.3628508468028},"Slope":{"confidence_interval":{"confidence_level":0.95,"lower_bound":443628.54408097174,"upper_bound":458486.9060977043},"point_estimate":449364.791322595,"standard_error":3968.130367620642},"StdDev":{"confidence_interval":{"confidence_level":0.95,"lower_bound":12550.010221137574,"upper_bound":37795.93049672453},"point_estimate":25978.340365962256,"standard_error":6730.097353952932}}