{"Mean":{"confidence_interval":{"confidence_level":0.95,"lower_bound":-0.0814556069585376,"upper_bound":-0.05672216041940965},"point_estimate":-0.0700972084307524,"standard_error":0.0062956463338927375},"Median":{"confidence_interval":{"confidence_level":0.95,"lower_bound":-0.08250955712272352,"upper_bound":-0.06671007186242606},"point_estimate":-0.0754327050342154,"standard_error":0.0038997610269045652}}