{"Mean":{"confidence_interval":{"confidence_level":0.95,"lower_bound":86229.1572834659,"upper_bound":88971.40010422279},"point_estimate":87530.96761643642,"standard_error":702.4607383900717},"Median":{"confidence_interval":{"confidence_level":0.95,"lower_bound":83762.13277511962,"upper_bound":85539.39304812835},"point_estimate":84547.47201857282,"standard_error":498.05009251040366},"MedianAbsDev":{"confidence_interval":{"confidence_level":0.95,"lower_bound":1775.772836236852,"upper_bound":4275.136731734794},"point_estimate":2828.880692947732,"standard_error":676.614081881188},"Slope":{"confidence_interval":{"confidence_level":0.95,"lower_bound":86746.09309083778,"upper_bound":90094.48072796362},"point_estimate":88355.50350417131,"standard_error":857.5509388346597},"StdDev":{"confidence_interval":{"confidence_level":0.95,"lower_bound":5240.099741272343,"upper_bound":8712.418712755913},"point_estimate":7047.359343800578,"standard_error":890.7869864744504}}