{"Mean":{"confidence_interval":{"confidence_level":0.95,"lower_bound":-0.1360550375131094,"upper_bound":-0.08331715203290178},"point_estimate":-0.11105515264480592,"standard_error":0.013395507112349268},"Median":{"confidence_interval":{"confidence_level":0.95,"lower_bound":-0.1183665214492237,"upper_bound":-0.07788109479641636},"point_estimate":-0.09647284478998464,"standard_error":0.01054351236574378}}