{"Mean":{"confidence_interval":{"confidence_level":0.95,"lower_bound":1152073.0192157633,"upper_bound":1195476.5997604742},"point_estimate":1173128.1538106175,"standard_error":11131.680503961803},"Median":{"confidence_interval":{"confidence_level":0.95,"lower_bound":1103999.8235294118,"upper_bound":1150991.0093984962},"point_estimate":1122932.7028571428,"standard_error":12085.606236696476},"MedianAbsDev":{"confidence_interval":{"confidence_level":0.95,"lower_bound":41533.18400953611,"upper_bound":98020.3064907918},"point_estimate":64966.39166842359,"standard_error":15351.725504420654},"Slope":{"confidence_interval":{"confidence_level":0.95,"lower_bound":1099729.9332763094,"upper_bound":1119696.412416696},"point_estimate":1108655.9840993055,"standard_error":5135.836673756562},"StdDev":{"confidence_interval":{"confidence_level":0.95,"lower_bound":93719.4925349752,"upper_bound":126065.89679143735},"point_estimate":111207.96635519802,"standard_error":8255.62506657692}}