{"Mean":{"confidence_interval":{"confidence_level":0.95,"lower_bound":529563.0454469491,"upper_bound":543749.3734449998},"point_estimate":535300.1658276526,"standard_error":3718.944105159754},"Median":{"confidence_interval":{"confidence_level":0.95,"lower_bound":526032.5730431848,"upper_bound":531792.7521306819},"point_estimate":528342.1818181819,"standard_error":1437.1224197598478},"MedianAbsDev":{"confidence_interval":{"confidence_level":0.95,"lower_bound":8101.999031770512,"upper_bound":13143.054667823726},"point_estimate":10454.071498352065,"standard_error":1235.6717761842472},"Slope":{"confidence_interval":{"confidence_level":0.95,"lower_bound":527430.0457310652,"upper_bound":544427.3668855167},"point_estimate":533864.2331742279,"standard_error":4535.065353449937},"StdDev":{"confidence_interval":{"confidence_level":0.95,"lower_bound":11995.381596259811,"upper_bound":60185.92932619529},"point_estimate":37224.015107154715,"standard_error":15061.107301855563}}