{"Mean":{"confidence_interval":{"confidence_level":0.95,"lower_bound":12.624981577728766,"upper_bound":13.74754673632147},"point_estimate":13.180533448611202,"standard_error":0.2847529304288698},"Median":{"confidence_interval":{"confidence_level":0.95,"lower_bound":13.24041529675048,"upper_bound":14.75603254364329},"point_estimate":13.988034188198858,"standard_error":0.44292655376394835}}