{"Mean":{"confidence_interval":{"confidence_level":0.95,"lower_bound":93231.88341443789,"upper_bound":98683.12328014293},"point_estimate":95796.25968586047,"standard_error":1397.6511219189615},"Median":{"confidence_interval":{"confidence_level":0.95,"lower_bound":89496.52139037433,"upper_bound":90592.69598155469},"point_estimate":89912.98898071625,"standard_error":363.92521704455436},"MedianAbsDev":{"confidence_interval":{"confidence_level":0.95,"lower_bound":1303.7162474084391,"upper_bound":4444.691613687541},"point_estimate":2039.9584320479598,"standard_error":883.2662179634327},"Slope":{"confidence_interval":{"confidence_level":0.95,"lower_bound":94897.0479003815,"upper_bound":104698.04560621003},"point_estimate":99519.52962182785,"standard_error":2504.323047925851},"StdDev":{"confidence_interval":{"confidence_level":0.95,"lower_bound":9647.382832137891,"upper_bound":17779.983056616653},"point_estimate":14050.533566970887,"standard_error":2074.8971521517665}}