{"Mean":{"confidence_interval":{"confidence_level":0.95,"lower_bound":-0.04903662089372719,"upper_bound":0.05721645734531035},"point_estimate":-0.004901667618092298,"standard_error":0.02706217246153694},"Median":{"confidence_interval":{"confidence_level":0.95,"lower_bound":-0.07839380412537696,"upper_bound":-0.06475504490641926},"point_estimate":-0.07017371177339082,"standard_error":0.003538332654491418}}