{"Mean":{"confidence_interval":{"confidence_level":0.95,"lower_bound":0.3298067288864698,"upper_bound":0.5079854048651806},"point_estimate":0.4180185222367341,"standard_error":0.045816777804507734},"Median":{"confidence_interval":{"confidence_level":0.95,"lower_bound":0.2997316408804321,"upper_bound":0.5093518533363774},"point_estimate":0.3767525991246381,"standard_error":0.055338749086107336}}