{"Mean":{"confidence_interval":{"confidence_level":0.95,"lower_bound":9.559998386812465,"upper_bound":10.246346075080183},"point_estimate":9.892687402022048,"standard_error":0.17369510366116522},"Median":{"confidence_interval":{"confidence_level":0.95,"lower_bound":9.674189614211377,"upper_bound":10.27150311847282},"point_estimate":10.081723415862145,"standard_error":0.16547708511981113}}