{"Mean":{"confidence_interval":{"confidence_level":0.95,"lower_bound":481838.0448294894,"upper_bound":487868.47921957227},"point_estimate":484463.1146429518,"standard_error":1544.9912761637088},"Median":{"confidence_interval":{"confidence_level":0.95,"lower_bound":478461.705960706,"upper_bound":483678.9342105263},"point_estimate":480356.7965116279,"standard_error":1260.4018909575204},"MedianAbsDev":{"confidence_interval":{"confidence_level":0.95,"lower_bound":6478.331832577094,"upper_bound":12312.65991321604},"point_estimate":9399.789896050579,"standard_error":1402.961361945935},"Slope":{"confidence_interval":{"confidence_level":0.95,"lower_bound":481811.83253590326,"upper_bound":486387.2482072536},"point_estimate":484096.16159745824,"standard_error":1171.2408390471896},"StdDev":{"confidence_interval":{"confidence_level":0.95,"lower_bound":8188.452286569832,"upper_bound":23387.055833712755},"point_estimate":15483.637157015108,"standard_error":4738.1428081510685}}