{"Mean":{"confidence_interval":{"confidence_level":0.95,"lower_bound":605420.756121328,"upper_bound":629575.3797812613},"point_estimate":615651.0196530214,"standard_error":6267.086483270945},"Median":{"confidence_interval":{"confidence_level":0.95,"lower_bound":600255.895,"upper_bound":604818.14},"point_estimate":602831.2049180327,"standard_error":1191.5256308721753},"MedianAbsDev":{"confidence_interval":{"confidence_level":0.95,"lower_bound":9802.350354313572,"upper_bound":19582.330576064505},"point_estimate":14714.073734606296,"standard_error":2737.9537157184204},"Slope":{"confidence_interval":{"confidence_level":0.95,"lower_bound":608457.730237895,"upper_bound":661762.8891557885},"point_estimate":630687.2303531846,"standard_error":13997.212355361127},"StdDev":{"confidence_interval":{"confidence_level":0.95,"lower_bound":20288.29353801509,"upper_bound":97885.47545547342},"point_estimate":62872.26807423706,"standard_error":21207.663159868232}}