{"Mean":{"confidence_interval":{"confidence_level":0.95,"lower_bound":2473154.034029071,"upper_bound":2619342.805590923},"point_estimate":2541356.3814751967,"standard_error":37151.56597988137},"Median":{"confidence_interval":{"confidence_level":0.95,"lower_bound":2356773.3333333335,"upper_bound":2419031.222222222},"point_estimate":2378998.894144144,"standard_error":16428.031050810918},"MedianAbsDev":{"confidence_interval":{"confidence_level":0.95,"lower_bound":73108.49217903853,"upper_bound":164005.06843140468},"point_estimate":102835.73841651075,"standard_error":23952.565012558454},"Slope":{"confidence_interval":{"confidence_level":0.95,"lower_bound":2603033.7594866976,"upper_bound":2845167.2308278293},"point_estimate":2719188.673808187,"standard_error":61881.278335637166},"StdDev":{"confidence_interval":{"confidence_level":0.95,"lower_bound":254466.54385085488,"upper_bound":492526.5461338352},"point_estimate":373875.5073900729,"standard_error":61840.96083087695}}